CustomerId,Gender
id1,Female
id2,Female
id3,Female
id4,Female
id5,Female
id6,Female
id7,Female
id8,Female
id9,Female
id10,Female
id11,Female
id12,Female
id13,Female
id14,Female
id15,Female
id16,Female
id17,Female
id18,Female
id19,Female
id20,Female
id21,Female
id22,Female
id23,Female
id24,Female
id25,Female
id26,Female
id27,Female
id28,Female
id29,Female
id30,Female
id31,Female
id32,Female
id33,Female
id34,Female
id35,Female
id36,Female
id37,Female
id38,Female
id39,Female
id40,Female
id41,Female
id42,Female
id43,Female
id44,Female
id45,Female
id46,Female
id47,Female
id48,Female
id49,Female
id50,Female
id51,Female
id52,Female
id53,Female
id54,Female
id55,Female
id56,Female
id57,Female
id58,Female
id59,Female
id60,Female
id61,Female
id62,Female
id63,Female
id64,Female
id65,Female
id66,Female
id67,Female
id68,Female
id69,Female
id70,Female
id71,Female
id72,Female
id73,Female
id74,Female
id75,Female
id76,Female
id77,Female
id78,Female
id79,Female
id80,Female
id81,Female
id82,Female
id83,Female
id84,Female
id85,Female
id86,Female
id87,Female
id88,Female
id89,Female
id90,Female
id91,Female
id92,Female
id93,Female
id94,Female
id95,Female
id96,Female
id97,Female
id98,Female
id99,Female
id100,Female
id101,Female
id102,Female
id103,Female
id104,Female
id105,Female
id106,Female
id107,Female
id108,Female
id109,Female
id110,Female
id111,Female
id112,Female
id113,Female
id114,Female
id115,Female
id116,Female
id117,Female
id118,Female
id119,Female
id120,Female
id121,Female
id122,Female
id123,Female
id124,Female
id125,Female
id126,Female
id127,Female
id128,Female
id129,Female
id130,Female
id131,Female
id132,Female
id133,Female
id134,Female
id135,Female
id136,Female
id137,Female
id138,Female
id139,Female
id140,Female
id141,Female
id142,Female
id143,Female
id144,Female
id145,Female
id146,Female
id147,Female
id148,Female
id149,Female
id150,Female
id151,Female
id152,Female
id153,Female
id154,Female
id155,Female
id156,Female
id157,Female
id158,Female
id159,Female
id160,Female
id161,Female
id162,Female
id163,Female
id164,Female
id165,Female
id166,Female
id167,Female
id168,Female
id169,Female
id170,Female
id171,Female
id172,Female
id173,Female
id174,Female
id175,Female
id176,Female
id177,Female
id178,Female
id179,Female
id180,Female
id181,Female
id182,Female
id183,Female
id184,Female
id185,Female
id186,Female
id187,Female
id188,Female
id189,Female
id190,Female
id191,Female
id192,Female
id193,Female
id194,Female
id195,Female
id196,Female
id197,Female
id198,Female
id199,Female
id200,Female
id201,Male
id202,Male
id203,Male
id204,Male
id205,Male
id206,Male
id207,Male
id208,Male
id209,Male
id210,Male
id211,Male
id212,Male
id213,Male
id214,Male
id215,Male
id216,Male
id217,Male
id218,Male
id219,Male
id220,Male
id221,Male
id222,Male
id223,Male
id224,Male
id225,Male
id226,Male
id227,Male
id228,Male
id229,Male
id230,Male
id231,Male
id232,Male
id233,Male
id234,Male
id235,Male
id236,Male
id237,Male
id238,Male
id239,Male
id240,Male
id241,Male
id242,Male
id243,Male
id244,Male
id245,Male
id246,Male
id247,Male
id248,Male
id249,Male
id250,Male
id251,Male
id252,Male
id253,Male
id254,Male
id255,Male
id256,Male
id257,Male
id258,Male
id259,Male
id260,Male
id261,Male
id262,Male
id263,Male
id264,Male
id265,Male
id266,Male
id267,Male
id268,Male
id269,Male
id270,Male
id271,Male
id272,Male
id273,Male
id274,Male
id275,Male
id276,Male
id277,Male
id278,Male
id279,Male
id280,Male
id281,Male
id282,Male
id283,Male
id284,Male
id285,Male
id286,Male
id287,Male
id288,Male
id289,Male
id290,Male
id291,Male
id292,Male
id293,Male
id294,Male
id295,Male
id296,Male
id297,Male
id298,Male
id299,Male
id300,Male
id301,Male
id302,Male
id303,Male
id304,Male
id305,Male
id306,Male
id307,Male
id308,Male
id309,Male
id310,Male
id311,Male
id312,Male
id313,Male
id314,Male
id315,Male
id316,Male
id317,Male
id318,Male
id319,Male
id320,Male
id321,Male
id322,Male
id323,Male
id324,Male
id325,Male
id326,Male
id327,Male
id328,Male
id329,Male
id330,Male
id331,Male
id332,Male
id333,Male
id334,Male
id335,Male
id336,Male
id337,Male
id338,Male
id339,Male
id340,Male
id341,Male
id342,Male
id343,Male
id344,Male
id345,Male
id346,Male
id347,Male
id348,Male
id349,Male
id350,Male
id351,Male
id352,Male
id353,Male
id354,Male
id355,Male
id356,Male
id357,Male
id358,Male
id359,Male
id360,Male
id361,Male
id362,Male
id363,Male
id364,Male
id365,Male
id366,Male
id367,Male
id368,Male
id369,Male
id370,Male
id371,Male
id372,Male
id373,Male
id374,Male
id375,Male
id376,Male
id377,Male
id378,Male
id379,Male
id380,Male
id381,Male
id382,Male
id383,Male
id384,Male
id385,Male
id386,Male
id387,Male
id388,Male
id389,Male
id390,Male
id391,Male
id392,Male
id393,Male
id394,Male
id395,Male
id396,Male
id397,Male
id398,Male
id399,Male
id400,Male
id401,Male
id402,Male
id403,Male
id404,Male
id405,Male
id406,Male
id407,Male
id408,Male
id409,Male
id410,Male
id411,Male
id412,Male
id413,Male
id414,Male
id415,Male
id416,Male
id417,Male
id418,Male
id419,Male
id420,Male
id421,Male
id422,Male
id423,Male
id424,Male
id425,Male
id426,Male
id427,Male
id428,Male
id429,Male
id430,Male
id431,Male
id432,Male
id433,Male
id434,Male
id435,Male
id436,Male
id437,Male
id438,Male
id439,Male
id440,Male
id441,Male
id442,Male
id443,Male
id444,Male
id445,Male
id446,Male
id447,Male
id448,Male
id449,Male
id450,Male
id451,Male
id452,Male
id453,Male
id454,Male
id455,Male
id456,Male
id457,Male
id458,Male
id459,Male
id460,Male
id461,Male
id462,Male
id463,Male
id464,Male
id465,Male
id466,Male
id467,Male
id468,Male
id469,Male
id470,Male
id471,Male
id472,Male
id473,Male
id474,Male
id475,Male
id476,Male
id477,Male
id478,Male
id479,Male
id480,Male
id481,Male
id482,Male
id483,Male
id484,Male
id485,Male
id486,Male
id487,Male
id488,Male
id489,Male
id490,Male
id491,Male
id492,Male
id493,Male
id494,Male
id495,Male
id496,Male
id497,Male
id498,Male
id499,Male
id500,Male
